brilho_medio,contraste,media_vermelho,media_verde,media_azul,proporcao_bordas_texto,proporcao_caixa_preco,proporcao_frasco
0.383684903383255,0.24217908084392548,0.22795918583869934,0.4700085520744324,0.3476330637931824,0.032825,0.10752393980848153,0.32328395061728393
0.3769538402557373,0.24904966354370117,0.6106439232826233,0.25008857250213623,0.41727519035339355,0.041070833333333334,0.10752393980848153,0.32328395061728393
0.6579015254974365,0.21709901094436646,0.9030061960220337,0.5268911719322205,0.6896286606788635,0.025945833333333335,0.10752393980848153,0.0
0.4286482036113739,0.1704505831003189,0.533119797706604,0.42825207114219666,0.15667910873889923,0.022579166666666668,0.0,0.0
0.34486064314842224,0.20397986471652985,0.18528883159160614,0.4331305921077728,0.30887430906295776,0.024491666666666665,0.0,0.32328395061728393
0.3799583315849304,0.2445778101682663,0.2331918179988861,0.41523510217666626,0.5832544565200806,0.0326125,0.10752393980848153,0.32328395061728393
0.688491940498352,0.22203463315963745,0.9025806784629822,0.5749822854995728,0.7114534974098206,0.0332125,0.10752393980848153,0.32328395061728393
0.34520861506462097,0.20469792187213898,0.6050642728805542,0.20342272520065308,0.3937309682369232,0.03425,0.10752393980848153,0.0
0.367272287607193,0.21172499656677246,0.2005864381790161,0.4076727032661438,0.5964308977127075,0.0341125,0.10752393980848153,0.0
0.7101222276687622,0.21968547999858856,0.5826217532157898,0.7444658875465393,0.8676920533180237,0.041245833333333336,0.10752393980848153,0.32328395061728393
0.4307795763015747,0.17077429592609406,0.5359876751899719,0.43036818504333496,0.15695755183696747,0.0226125,0.0,0.0
0.4506644308567047,0.19789649546146393,0.5522006154060364,0.4502854347229004,0.18630582094192505,0.026804166666666667,0.10752393980848153,0.0
0.32059481739997864,0.1449093520641327,0.1466742604970932,0.36242297291755676,0.5613769292831421,0.019008333333333332,0.0,0.0
0.6926215291023254,0.21048301458358765,0.5471151471138,0.731421947479248,0.8744686245918274,0.030766666666666668,0.10752393980848153,0.0
0.7164707183837891,0.20852956175804138,0.5843591094017029,0.7967459559440613,0.6496263146400452,0.029854166666666668,0.0,0.32328395061728393
0.328154057264328,0.19816046953201294,0.5693845748901367,0.19702796638011932,0.3706381320953369,0.025708333333333333,0.0,0.32328395061728393
0.660843014717102,0.2028881311416626,0.9083101153373718,0.5287692546844482,0.6918503642082214,0.017691666666666668,0.0,0.0
0.6786037683486938,0.21750909090042114,0.8953238725662231,0.563707709312439,0.7018024921417236,0.032625,0.0,0.32328395061728393
0.692475438117981,0.20448900759220123,0.5427531003952026,0.7324208617210388,0.8794845342636108,0.026008333333333335,0.10752393980848153,0.0
0.4227573573589325,0.16012990474700928,0.5287845730781555,0.4223501980304718,0.14676523208618164,0.018683333333333333,0.0,0.0
0.45155298709869385,0.20882870256900787,0.5471096634864807,0.4511849880218506,0.20282144844532013,0.03279166666666666,0.0,0.32328395061728393
0.7111508846282959,0.2217703014612198,0.5798666477203369,0.7902921438217163,0.6479759216308594,0.041245833333333336,0.10752393980848153,0.32328395061728393
0.3237609267234802,0.14199629426002502,0.13967174291610718,0.4251205325126648,0.28467896580696106,0.019008333333333332,0.0,0.0
0.753069281578064,0.18059006333351135,0.8511686325073242,0.7525521516799927,0.49843594431877136,0.041166666666666664,0.10752393980848153,0.32328395061728393
0.7149255275726318,0.2000800222158432,0.5817482471466064,0.7508149147033691,0.8794257640838623,0.025141666666666666,0.0,0.32328395061728393
0.47405919432640076,0.23530755937099457,0.5638821721076965,0.4737483263015747,0.24007174372673035,0.03802083333333333,0.10752393980848153,0.32328395061728393
0.6962265372276306,0.19396661221981049,0.5397884845733643,0.7895495891571045,0.6260019540786743,0.0189,0.0,0.0
0.6965678334236145,0.1907707154750824,0.545508623123169,0.736879289150238,0.8851983547210693,0.018829166666666668,0.0,0.0
0.3899771571159363,0.24983492493629456,0.2369994819164276,0.4747585952281952,0.3546586036682129,0.03735,0.10752393980848153,0.32328395061728393
0.7384418845176697,0.15109990537166595,0.8514969348907471,0.7378042340278625,0.4452037215232849,0.0226125,0.0,0.0
0.7195388078689575,0.20082269608974457,0.5841096639633179,0.8017851710319519,0.6512459516525269,0.0261625,0.0,0.32328395061728393
0.6607060432434082,0.21646292507648468,0.9039067029953003,0.5307387113571167,0.6920571327209473,0.0259125,0.10752393980848153,0.0
