cluster,atributo,valor,quantidade,proporcao
0,fundo,claro,6,0.6666666666666666
0,fundo,escuro,3,0.3333333333333333
1,fundo,claro,3,0.375
1,fundo,escuro,5,0.625
2,fundo,claro,3,0.42857142857142855
2,fundo,escuro,4,0.5714285714285714
3,fundo,claro,4,0.5
3,fundo,escuro,4,0.5
0,cor_dominante,azul,3,0.3333333333333333
0,cor_dominante,rosa,4,0.4444444444444444
0,cor_dominante,verde,2,0.2222222222222222
1,cor_dominante,azul,2,0.25
1,cor_dominante,dourado,2,0.25
1,cor_dominante,rosa,1,0.125
1,cor_dominante,verde,3,0.375
2,cor_dominante,azul,1,0.14285714285714285
2,cor_dominante,dourado,4,0.5714285714285714
2,cor_dominante,verde,2,0.2857142857142857
3,cor_dominante,azul,2,0.25
3,cor_dominante,dourado,2,0.25
3,cor_dominante,rosa,3,0.375
3,cor_dominante,verde,1,0.125
0,mensagem,promocional,9,1.0
1,mensagem,lançamento,8,1.0
2,mensagem,promocional,7,1.0
3,mensagem,lançamento,8,1.0
0,preco_visivel,não,3,0.3333333333333333
0,preco_visivel,sim,6,0.6666666666666666
1,preco_visivel,não,7,0.875
1,preco_visivel,sim,1,0.125
2,preco_visivel,não,4,0.5714285714285714
2,preco_visivel,sim,3,0.42857142857142855
3,preco_visivel,não,2,0.25
3,preco_visivel,sim,6,0.75
0,elemento_produto,não,4,0.4444444444444444
0,elemento_produto,sim,5,0.5555555555555556
1,elemento_produto,não,6,0.75
1,elemento_produto,sim,2,0.25
2,elemento_produto,não,4,0.5714285714285714
2,elemento_produto,sim,3,0.42857142857142855
3,elemento_produto,não,2,0.25
3,elemento_produto,sim,6,0.75
