recorte,modelo_a,modelo_b,wape_semanal_a,wape_semanal_b,diferenca,ic_low,ic_high,p_a_menor_b,n_semanas_cheias
junho,lightgbm,naive_sazonal,0.10099023,0.21630833,-0.11531810,-0.29366886,0.03993209,0.92800000,4
junho,lightgbm,media_movel_7,0.10099023,0.21630833,-0.11531810,-0.29366886,0.03993209,0.92800000,4
junho,lightgbm,ets_log,0.10099023,0.08468300,0.01630723,-0.06046704,0.06829475,0.33950000,4
junho,lightgbm,sarima_log,0.10099023,0.06103916,0.03995107,-0.01086893,0.11422518,0.05400000,4
junho,lightgbm,sarimax_log,0.10099023,0.05843072,0.04255951,0.01065780,0.08102761,0.00000000,4
junho,lightgbm,ridge,0.10099023,0.12910604,-0.02811581,-0.07484503,0.02423255,0.84550000,4
junho,lightgbm,xgboost,0.10099023,0.09687455,0.00411568,-0.01016151,0.01640781,0.31750000,4
walkforward_avaliacao,lightgbm,naive_sazonal,0.15353052,0.16228084,-0.00875032,-0.08064234,0.05541437,0.58350000,10
walkforward_avaliacao,lightgbm,media_movel_7,0.15353052,0.16228084,-0.00875032,-0.08064234,0.05541437,0.58350000,10
walkforward_avaliacao,lightgbm,ets_log,0.15353052,0.19118579,-0.03765528,-0.12986904,0.04243174,0.80500000,10
walkforward_avaliacao,lightgbm,sarima_log,0.15353052,0.15701472,-0.00348421,-0.07031253,0.07059412,0.53450000,10
walkforward_avaliacao,lightgbm,sarimax_log,0.15353052,0.21097968,-0.05744917,-0.11055754,0.00446135,0.96650000,10
walkforward_avaliacao,lightgbm,ridge,0.15353052,0.20272018,-0.04918966,-0.10677801,0.02621271,0.90550000,10
walkforward_avaliacao,lightgbm,xgboost,0.15353052,0.14032915,0.01320137,-0.00804653,0.03563605,0.13150000,10
dezesseis_semanas,lightgbm,naive_sazonal,0.13953113,0.17667649,-0.03714536,-0.10603598,0.03049302,0.85050000,14
dezesseis_semanas,lightgbm,media_movel_7,0.13953113,0.17667649,-0.03714536,-0.10603598,0.03049302,0.85050000,14
dezesseis_semanas,lightgbm,ets_log,0.13953113,0.16280807,-0.02327694,-0.09233722,0.03836086,0.73650000,14
dezesseis_semanas,lightgbm,sarima_log,0.13953113,0.13144198,0.00808915,-0.04315295,0.06366691,0.38200000,14
dezesseis_semanas,lightgbm,sarimax_log,0.13953113,0.17033293,-0.03080180,-0.07771104,0.01958769,0.88250000,14
dezesseis_semanas,lightgbm,ridge,0.13953113,0.18310565,-0.04357452,-0.09021874,0.01243981,0.93900000,14
dezesseis_semanas,lightgbm,xgboost,0.13953113,0.12875065,0.01078048,-0.00571945,0.02751317,0.10000000,14
