conjunto,modelo_a,modelo_b,diferenca,ic_low,ic_high,p_a_menor_b
walkforward,naive_sazonal,media_movel_7,0.08084063,0.01384140,0.15797402,0.00100000
walkforward,naive_sazonal,ridge,0.05549442,-0.02905803,0.14608353,0.12250000
walkforward,naive_sazonal,xgboost,0.07582965,-0.00914075,0.16050758,0.03750000
walkforward,naive_sazonal,lightgbm,0.08585630,-0.00019042,0.17337097,0.02600000
walkforward,media_movel_7,ridge,-0.02534621,-0.09166214,0.05163820,0.73800000
walkforward,media_movel_7,xgboost,-0.00501098,-0.06278979,0.05712217,0.58200000
walkforward,media_movel_7,lightgbm,0.00501566,-0.05685469,0.07603476,0.45400000
walkforward,ridge,xgboost,0.02033523,-0.04991483,0.07162329,0.26750000
walkforward,ridge,lightgbm,0.03036187,-0.01993962,0.06862046,0.11600000
walkforward,xgboost,lightgbm,0.01002664,-0.01090734,0.04020400,0.20700000
holdout,naive_sazonal,media_movel_7,0.03890020,-0.00047726,0.07133412,0.04700000
holdout,naive_sazonal,ridge,0.12254825,-0.01577374,0.25549305,0.06000000
holdout,naive_sazonal,xgboost,0.16450619,0.00723255,0.30179883,0.02100000
holdout,naive_sazonal,lightgbm,0.14989432,-0.00796364,0.29160290,0.03750000
holdout,media_movel_7,ridge,0.08364806,-0.02896196,0.21450910,0.08600000
holdout,media_movel_7,xgboost,0.12560599,-0.00444224,0.25532287,0.03500000
holdout,media_movel_7,lightgbm,0.11099412,-0.02364589,0.23883546,0.04400000
holdout,ridge,xgboost,0.04195794,0.01283011,0.06345971,0.00400000
holdout,ridge,lightgbm,0.02734607,0.00225611,0.05410133,0.01150000
holdout,xgboost,lightgbm,-0.01461187,-0.03193885,0.00160876,0.95300000
