conjunto,inicio,fim,virada_nivel,ets_log,lightgbm,media_movel_7,naive_sazonal,ridge,sarima_log,sarimax_log,xgboost
walkforward,2026-01-07,2026-01-13,0.108384,0.211228,0.306937,0.178915,0.328913,0.185291,0.308690,0.237818,0.329684
walkforward,2026-01-21,2026-01-27,0.079125,0.237624,0.185228,0.219391,0.204955,0.148330,0.204723,0.185106,0.178708
walkforward,2026-02-04,2026-02-10,0.010932,0.192458,0.134930,0.135603,0.209928,0.160199,0.199113,0.136629,0.120737
walkforward,2026-02-18,2026-02-24,0.147483,0.299049,0.344247,0.160855,0.211591,0.374403,0.069425,0.401581,0.276400
walkforward,2026-03-04,2026-03-10,0.548541,0.110968,0.161558,0.354231,0.354231,0.290428,0.261170,0.262074,0.161864
walkforward,2026-03-18,2026-03-24,0.124548,0.248902,0.065299,0.142267,0.213208,0.072188,0.119999,0.160933,0.075284
walkforward,2026-04-01,2026-04-07,0.181653,0.139367,0.224935,0.183730,0.166048,0.269880,0.121611,0.174109,0.238620
walkforward,2026-04-15,2026-04-21,0.011006,0.078907,0.089394,0.102397,0.062497,0.153876,0.070495,0.120688,0.107612
walkforward,2026-04-29,2026-05-05,0.457759,0.261388,0.392871,0.314016,0.314016,0.456740,0.292719,0.399641,0.412942
walkforward,2026-05-13,2026-05-19,0.153202,0.418977,0.263844,0.218186,0.547602,0.365841,0.357984,0.378925,0.241066
walkforward,2026-05-27,2026-05-31,0.335549,0.169111,0.285611,0.505003,0.733828,0.196864,0.110075,0.072201,0.482187
holdout,2026-06-01,2026-06-07,0.121391,0.166207,0.156738,0.136540,0.123696,0.154375,0.108472,0.125191,0.110633
holdout,2026-06-08,2026-06-14,0.292033,0.266284,0.260358,0.426537,0.512388,0.322601,0.385428,0.278507,0.254042
holdout,2026-06-15,2026-06-21,0.350791,0.252863,0.190936,0.540335,0.588103,0.208786,0.265085,0.223515,0.174379
holdout,2026-06-22,2026-06-28,0.005046,0.103654,0.133052,0.069462,0.116867,0.133006,0.102566,0.118328,0.142385
holdout,2026-06-29,2026-06-30,0.686918,0.356063,0.282239,0.407203,0.387797,0.347986,0.337235,0.311087,0.273646
