modelo,conjunto,horizonte,wape,bias,n_dias
lightgbm,walkforward,1,0.210123,-0.041954,11
lightgbm,walkforward,2,0.184420,-0.030520,11
lightgbm,walkforward,3,0.188768,-0.022040,11
lightgbm,walkforward,4,0.210478,-0.055476,11
lightgbm,walkforward,5,0.226027,0.022297,11
lightgbm,walkforward,6,0.260507,0.024460,10
lightgbm,walkforward,7,0.286496,-0.102179,10
media_movel_7,walkforward,1,0.303560,-0.040280,11
media_movel_7,walkforward,2,0.287684,-0.039115,11
media_movel_7,walkforward,3,0.161695,-0.077490,11
media_movel_7,walkforward,4,0.164339,-0.005705,11
media_movel_7,walkforward,5,0.255651,0.195243,11
media_movel_7,walkforward,6,0.189927,-0.044421,10
media_movel_7,walkforward,7,0.235663,-0.164777,10
naive_sazonal,walkforward,1,0.402794,0.001074,11
naive_sazonal,walkforward,2,0.415943,0.056446,11
naive_sazonal,walkforward,3,0.239202,0.040435,11
naive_sazonal,walkforward,4,0.256889,0.030665,11
naive_sazonal,walkforward,5,0.260730,-0.007129,11
naive_sazonal,walkforward,6,0.304941,-0.100754,10
naive_sazonal,walkforward,7,0.274047,-0.160866,10
ridge,walkforward,1,0.238725,-0.095958,11
ridge,walkforward,2,0.225680,-0.112170,11
ridge,walkforward,3,0.238551,-0.143900,11
ridge,walkforward,4,0.234910,-0.189046,11
ridge,walkforward,5,0.265614,-0.077815,11
ridge,walkforward,6,0.285734,-0.078481,10
ridge,walkforward,7,0.290740,-0.174591,10
xgboost,walkforward,1,0.262893,-0.060909,11
xgboost,walkforward,2,0.223749,-0.075888,11
xgboost,walkforward,3,0.203624,-0.019652,11
xgboost,walkforward,4,0.214800,-0.016814,11
xgboost,walkforward,5,0.248809,-0.002438,11
xgboost,walkforward,6,0.220675,0.022723,10
xgboost,walkforward,7,0.259408,-0.072496,10
lightgbm,holdout,1,0.204079,-0.071386,5
lightgbm,holdout,2,0.143383,-0.097053,5
lightgbm,holdout,3,0.072550,0.029747,4
lightgbm,holdout,4,0.157277,-0.078675,4
lightgbm,holdout,5,0.320410,0.042648,4
lightgbm,holdout,6,0.270154,0.142252,4
lightgbm,holdout,7,0.300745,0.122003,4
media_movel_7,holdout,1,0.272471,-0.088288,5
media_movel_7,holdout,2,0.307373,-0.196385,5
media_movel_7,holdout,3,0.139090,-0.040426,4
media_movel_7,holdout,4,0.227418,-0.058832,4
media_movel_7,holdout,5,0.358235,-0.112352,4
media_movel_7,holdout,6,0.457824,0.193933,4
media_movel_7,holdout,7,0.531979,0.418973,4
naive_sazonal,holdout,1,0.364870,-0.062862,5
naive_sazonal,holdout,2,0.366192,-0.129778,5
naive_sazonal,holdout,3,0.229910,-0.005656,4
naive_sazonal,holdout,4,0.295879,-0.023553,4
naive_sazonal,holdout,5,0.459404,0.049087,4
naive_sazonal,holdout,6,0.363934,0.074298,4
naive_sazonal,holdout,7,0.364807,0.027961,4
ridge,holdout,1,0.267596,-0.052400,5
ridge,holdout,2,0.257976,-0.134646,5
ridge,holdout,3,0.131310,-0.030246,4
ridge,holdout,4,0.150172,-0.076634,4
ridge,holdout,5,0.274623,0.024468,4
ridge,holdout,6,0.284391,0.075804,4
ridge,holdout,7,0.212078,0.143368,4
xgboost,holdout,1,0.170282,-0.017889,5
xgboost,holdout,2,0.142906,-0.085240,5
xgboost,holdout,3,0.072840,0.014952,4
xgboost,holdout,4,0.167331,-0.095078,4
xgboost,holdout,5,0.289839,-0.026739,4
xgboost,holdout,6,0.282892,0.116521,4
xgboost,holdout,7,0.225836,0.170778,4
