modelo,conjunto,wape,fva_vs_naive,fva_vs_media_movel,wape_semanal,bias_semanal,rmse,erro_max_dia,data_erro_max
lightgbm,walkforward,0.223132,0.277863,0.021984,0.160946,-0.031744,498385.126294,2149034.477354,2026-05-05
media_movel_7,walkforward,0.228148,0.261630,0.000000,0.181523,-0.032063,527621.890738,2208901.042857,2026-05-05
naive_sazonal,walkforward,0.308988,0.000000,-0.354335,0.194371,-0.019215,700678.299966,2091912.810000,2026-05-14
ridge,walkforward,0.253494,0.179600,-0.111096,0.202391,-0.126609,570548.878834,2347552.504246,2026-05-05
xgboost,walkforward,0.233159,0.245413,-0.021964,0.159523,-0.034098,509924.468791,2112527.850000,2026-05-05
lightgbm,holdout,0.200991,0.427189,0.355768,0.117683,-0.005235,392031.578930,977408.680626,2026-06-12
media_movel_7,holdout,0.311985,0.110863,0.000000,0.233889,-0.024409,633580.698216,1403155.720000,2026-06-12
naive_sazonal,holdout,0.350885,0.000000,-0.124686,0.232102,-0.022622,735894.312747,1789311.280000,2026-06-19
ridge,holdout,0.228337,0.349255,0.268116,0.149264,-0.025336,444035.854252,1009995.527542,2026-06-30
xgboost,holdout,0.186379,0.468832,0.402603,0.113155,-0.006498,384932.776313,1066855.482500,2026-06-12
