modelo,feature,wape_referencia,wape_permutado_media,wape_permutado_std,aumento_wape_media,aumento_wape_std
lightgbm,dias_ate_evento_presente,0.19137016557689898,0.2583918741542498,0.0191542494976922,0.0670217085773508,0.0191542494976922
lightgbm,media_7_lag7,0.19137016557689898,0.24308362904390832,0.02160918390340974,0.05171346346700934,0.02160918390340974
lightgbm,lag_7,0.19137016557689898,0.238347026682269,0.018193197596403587,0.04697686110537001,0.018193197596403587
lightgbm,fourier_mes_sin1,0.19137016557689898,0.2158590255064359,0.010127607994381905,0.024488859929536963,0.010127607994381905
lightgbm,taxa_desconto_media_7_lag7,0.19137016557689898,0.20827571997226307,0.010773448131675682,0.01690555439536413,0.010773448131675682
lightgbm,canal,0.19137016557689898,0.2079912033221046,0.016411408272985515,0.01662103774520563,0.016411408272985515
lightgbm,share_canal_lag7,0.19137016557689898,0.20535586207412979,0.01389739394369882,0.013985696497230794,0.01389739394369882
lightgbm,std_7_lag7,0.19137016557689898,0.1970354562922312,0.005506796290245772,0.00566529071533225,0.005506796290245772
lightgbm,is_vespera_feriado,0.19137016557689898,0.19573741232892372,0.0031006006366412256,0.004367246752024703,0.003100600636641225
lightgbm,ticket_lag_7,0.19137016557689898,0.19371258010193326,0.003787302859768965,0.002342414525034245,0.0037873028597689654
lightgbm,fourier_mes_cos1,0.19137016557689898,0.19369193494180872,0.0036747917430857203,0.0023217693649097582,0.0036747917430857207
lightgbm,is_fim_semana,0.19137016557689898,0.1933195813443815,0.006076208299795312,0.0019494157674825338,0.006076208299795311
lightgbm,is_feriado,0.19137016557689898,0.19300414052157686,0.005277935325268243,0.001633974944677876,0.005277935325268243
lightgbm,is_evento,0.19137016557689898,0.19165833754209785,0.0014858218840579714,0.0002881719651988931,0.0014858218840579716
lightgbm,is_novembro,0.19137016557689898,0.19137016557689895,2.823006427041851e-17,0.0,0.0
lightgbm,dias_ate_evento_promo,0.19137016557689898,0.19137016557689895,2.823006427041851e-17,0.0,0.0
lightgbm,dias_desde_evento_promo,0.19137016557689898,0.19137016557689895,2.823006427041851e-17,0.0,0.0
lightgbm,is_payday_20,0.19137016557689898,0.1910482154997605,0.002142897660613111,-0.00032195007713847664,0.002142897660613111
lightgbm,is_payday_5,0.19137016557689898,0.19103309859976084,0.00017177598724904775,-0.0003370669771381526,0.00017177598724904777
lightgbm,fourier_mes_cos2,0.19137016557689898,0.18910956156790176,0.0022654066825663986,-0.002260604008997192,0.0022654066825663986
lightgbm,fourier_mes_sin2,0.19137016557689898,0.18663459357667847,0.010037451811879209,-0.004735572000220527,0.010037451811879209
lightgbm,lag_14,0.19137016557689898,0.1865940248501675,0.009290129295038025,-0.004776140726731528,0.009290129295038025
lightgbm,dia_semana,0.19137016557689898,0.18432660449076244,0.006787554408955791,-0.0070435610861365365,0.0067875544089557914
lightgbm,dia_mes,0.19137016557689898,0.18207902336524778,0.0036679381942403325,-0.009291142211651194,0.003667938194240333
ridge,dias_ate_evento_presente,0.2283366078084264,0.26250112857087743,0.008044168591578329,0.03416452076245102,0.008044168591578329
ridge,fourier_mes_sin1,0.2283366078084264,0.25525766293785035,0.008432933879539932,0.02692105512942392,0.008432933879539932
ridge,share_canal_lag7,0.2283366078084264,0.2543427504130847,0.02558698599365895,0.026006142604658243,0.025586985993658953
ridge,is_feriado,0.2283366078084264,0.23822767275252543,0.005731554284802733,0.009891064944099016,0.005731554284802733
ridge,is_evento,0.2283366078084264,0.23671836081402226,0.0037845305910620547,0.008381753005595783,0.0037845305910620547
ridge,is_vespera_feriado,0.2283366078084264,0.23432228743069722,0.0043898579620504875,0.005985679622270785,0.0043898579620504875
ridge,is_fim_semana,0.2283366078084264,0.23410623910016135,0.009510294069058676,0.00576963129173497,0.009510294069058674
ridge,std_7_lag7,0.2283366078084264,0.23361473468772956,0.0012033679213956428,0.005278126879303152,0.0012033679213956428
ridge,canal,0.2283366078084264,0.23319816712342387,0.014796957112528177,0.004861559314997476,0.014796957112528175
ridge,is_payday_5,0.2283366078084264,0.229952789560173,0.0013865538136661666,0.0016161817517465898,0.0013865538136661663
ridge,ticket_lag_7,0.2283366078084264,0.22876196154101805,0.0032713176947987777,0.00042535373259164805,0.0032713176947987777
ridge,is_novembro,0.2283366078084264,0.2283366078084264,0.0,0.0,0.0
ridge,dias_ate_evento_promo,0.2283366078084264,0.2283366078084264,0.0,0.0,0.0
ridge,dias_desde_evento_promo,0.2283366078084264,0.2283366078084264,0.0,0.0,0.0
ridge,taxa_desconto_media_7_lag7,0.2283366078084264,0.22707278856348437,0.0013221313698419778,-0.0012638192449420855,0.0013221313698419776
ridge,fourier_mes_cos1,0.2283366078084264,0.22691954315256424,0.003613470177938153,-0.001417064655862165,0.003613470177938153
ridge,dia_mes,0.2283366078084264,0.22665672284826002,0.002880181194976873,-0.0016798849601663798,0.002880181194976873
ridge,fourier_mes_cos2,0.2283366078084264,0.22664098950948178,0.0020610691699537716,-0.001695618298944602,0.0020610691699537716
ridge,dia_semana,0.2283366078084264,0.2265672656645678,0.003025425260835943,-0.001769342143858584,0.0030254252608359435
ridge,is_payday_20,0.2283366078084264,0.2262471851275304,0.0014359439710567587,-0.002089422680896023,0.001435943971056759
ridge,lag_7,0.2283366078084264,0.21954273580389913,0.0036678040798190648,-0.008793872004527303,0.0036678040798190643
ridge,fourier_mes_sin2,0.2283366078084264,0.21681089426392777,0.005332279642566672,-0.011525713544498654,0.005332279642566672
ridge,lag_14,0.2283366078084264,0.21411978855302488,0.0059136610552251185,-0.014216819255401525,0.0059136610552251185
ridge,media_7_lag7,0.2283366078084264,0.2137755675152747,0.007045294526398908,-0.014561040293151742,0.007045294526398908
