modelo,conjunto,granularidade,segmento,wape,bias,smape,mae,wape_ic_low,wape_ic_high
naive_sazonal,walkforward,canal,todos,0.32279270,-0.01921485,0.29256388,270579.08253333,0.22943709,0.41441652
naive_sazonal,walkforward,total,todos,0.30898838,-0.01921485,0.28846742,518015.39520000,0.21292673,0.40437944
naive_sazonal,walkforward,canal,Site,0.30261654,0.00076869,0.27399220,116913.55653333,0.21667530,0.39142655
naive_sazonal,walkforward,total,Site,0.30261654,0.00076869,0.27399220,116913.55653333,0.21667530,0.39142655
naive_sazonal,walkforward,canal,App,0.32883458,-0.02519905,0.31113556,424244.60853333,0.22621153,0.43283683
naive_sazonal,walkforward,total,App,0.32883458,-0.02519905,0.31113556,424244.60853333,0.22621153,0.43283683
naive_sazonal,walkforward,canal,evento/janela de evento,0.31357567,-0.27818545,0.32015747,278115.28454545,0.18543329,0.42402506
naive_sazonal,walkforward,total,evento/janela de evento,0.28371753,-0.27818545,0.28784138,503267.24909091,0.17431504,0.42402506
naive_sazonal,walkforward,canal,dia normal,0.32448575,0.02835492,0.28782124,269283.79781250,0.21803323,0.43405029
naive_sazonal,walkforward,total,dia normal,0.31363033,0.02835492,0.28857503,520550.23281250,0.20250378,0.42746674
media_movel_7,walkforward,canal,todos,0.24257374,-0.03206258,0.24490698,203336.01256190,0.18942490,0.30147663
media_movel_7,walkforward,total,todos,0.22814775,-0.03206258,0.22462474,382487.02527619,0.17317959,0.28926630
media_movel_7,walkforward,canal,Site,0.27236304,-0.00766809,0.25802824,105225.35453333,0.20602078,0.33455843
media_movel_7,walkforward,total,Site,0.27236304,-0.00766809,0.25802824,105225.35453333,0.20602078,0.33455843
media_movel_7,walkforward,canal,App,0.23365315,-0.03936767,0.23178573,301446.67059048,0.17428716,0.30774433
media_movel_7,walkforward,total,App,0.23365315,-0.03936767,0.23178573,301446.67059048,0.17428716,0.30774433
media_movel_7,walkforward,canal,evento/janela de evento,0.31330729,-0.29379066,0.31930202,277877.25175325,0.17481464,0.43029167
media_movel_7,walkforward,total,evento/janela de evento,0.30726270,-0.29379066,0.29791432,545032.42688312,0.15676084,0.42899924
media_movel_7,walkforward,canal,dia normal,0.22958084,0.01601371,0.23212034,190524.23707589,0.17744248,0.29961866
media_movel_7,walkforward,total,dia normal,0.21361529,0.01601371,0.21202810,354549.53437500,0.16180831,0.28699733
ets_log,walkforward,canal,todos,0.24464597,-0.14361486,0.24457652,205073.04942020,0.19278517,0.29768631
ets_log,walkforward,total,todos,0.22481940,-0.14361486,0.23343421,376907.08594886,0.16399877,0.28577504
ets_log,walkforward,canal,Site,0.22159788,-0.15086836,0.22856179,85612.62759394,0.16407612,0.27849962
ets_log,walkforward,total,Site,0.22159788,-0.15086836,0.22856179,85612.62759394,0.16407612,0.27849962
ets_log,walkforward,canal,App,0.25154787,-0.14144275,0.26059125,324533.47124647,0.18085815,0.31890088
ets_log,walkforward,total,App,0.25154787,-0.14144275,0.26059125,324533.47124647,0.18085815,0.31890088
ets_log,walkforward,canal,evento/janela de evento,0.28004155,-0.19792031,0.30410374,248373.33161130,0.17950331,0.40781665
ets_log,walkforward,total,evento/janela de evento,0.23056882,-0.19792031,0.21772193,408990.35417150,0.06969452,0.40781665
ets_log,walkforward,canal,dia normal,0.23814423,-0.13363960,0.23434528,197630.81341861,0.17368769,0.29950842
ets_log,walkforward,total,dia normal,0.22376330,-0.13363960,0.23613476,371392.77422310,0.15638029,0.28831440
sarima_log,walkforward,canal,todos,0.22731715,-0.10400876,0.21967145,190547.26422361,0.16800571,0.27759217
sarima_log,walkforward,total,todos,0.21270398,-0.10400876,0.20449055,356595.72647614,0.14565015,0.26920432
sarima_log,walkforward,canal,Site,0.21790099,-0.08257377,0.21689780,84184.36240603,0.15608590,0.27799386
sarima_log,walkforward,total,Site,0.21790099,-0.08257377,0.21689780,84184.36240603,0.15608590,0.27799386
sarima_log,walkforward,canal,App,0.23013688,-0.11042759,0.22244510,296910.16604120,0.16402295,0.28880180
sarima_log,walkforward,total,App,0.23013688,-0.11042759,0.22244510,296910.16604120,0.16402295,0.28880180
sarima_log,walkforward,canal,evento/janela de evento,0.31799984,-0.24134345,0.34507102,282039.15012712,0.16162967,0.44895363
sarima_log,walkforward,total,evento/janela de evento,0.30830583,-0.24134345,0.30025843,546882.76233120,0.12994078,0.44895363
sarima_log,walkforward,canal,dia normal,0.21065983,-0.07878203,0.19811840,174822.09633395,0.15156680,0.26598219
sarima_log,walkforward,total,dia normal,0.19514308,-0.07878203,0.18803044,323890.14218855,0.12909872,0.25636153
sarimax_log,walkforward,canal,todos,0.25764703,-0.09019256,0.25087095,215971.10895292,0.19624621,0.31755727
sarimax_log,walkforward,total,todos,0.24455096,-0.09019256,0.24515156,409986.81896462,0.17485326,0.31084505
sarimax_log,walkforward,canal,Site,0.23427016,-0.08129104,0.23574073,90508.46334587,0.16760075,0.30333997
sarimax_log,walkforward,total,Site,0.23427016,-0.08129104,0.23574073,90508.46334587,0.16760075,0.30333997
sarimax_log,walkforward,canal,App,0.26464738,-0.09285818,0.26600117,341433.75455996,0.19655972,0.33162141
sarimax_log,walkforward,total,App,0.26464738,-0.09285818,0.26600117,341433.75455996,0.19655972,0.33162141
sarimax_log,walkforward,canal,evento/janela de evento,0.38620462,-0.29284659,0.42043539,342531.06548705,0.23958445,0.55094131
sarimax_log,walkforward,total,evento/janela de evento,0.37608101,-0.29284659,0.38404977,667104.54169279,0.20649121,0.55094131
sarimax_log,walkforward,canal,dia normal,0.23403255,-0.05296746,0.22172706,194218.61642361,0.17801165,0.29349723
sarimax_log,walkforward,total,dia normal,0.22039048,-0.05296746,0.22127843,365794.71037072,0.15990024,0.28570751
ridge,walkforward,canal,todos,0.28079387,-0.12660852,0.27818254,235373.80891800,0.21999834,0.33951427
ridge,walkforward,total,todos,0.25349396,-0.12660852,0.26382556,424979.64409062,0.17390835,0.32580002
ridge,walkforward,canal,Site,0.25860851,0.09190302,0.25233915,99911.39693636,0.18881667,0.35554669
ridge,walkforward,total,Site,0.25860851,0.09190302,0.25233915,99911.39693636,0.18881667,0.35554669
ridge,walkforward,canal,App,0.28743741,-0.19204316,0.30402592,370836.22089964,0.20757417,0.35851696
ridge,walkforward,total,App,0.28743741,-0.19204316,0.30402592,370836.22089964,0.20757417,0.35851696
ridge,walkforward,canal,evento/janela de evento,0.38528248,-0.37834336,0.38770778,341713.20560512,0.21053283,0.53294590
ridge,walkforward,total,evento/janela de evento,0.37834336,-0.37834336,0.43190591,671117.56597603,0.21053283,0.53294590
ridge,walkforward,canal,dia normal,0.26160057,-0.08036787,0.25935789,217096.72511240,0.20782298,0.31468400
ridge,walkforward,total,dia normal,0.23056063,-0.08036787,0.23493675,382674.68876656,0.15930735,0.29987128
xgboost,walkforward,canal,todos,0.25839094,-0.03409787,0.25108034,216594.68589583,0.19338665,0.32762367
xgboost,walkforward,total,todos,0.23315873,-0.03409787,0.23180925,390887.87472500,0.16386574,0.30654434
xgboost,walkforward,canal,Site,0.24372362,-0.00268601,0.24335655,94160.73312500,0.18931441,0.30649801
xgboost,walkforward,total,Site,0.24372362,-0.00268601,0.24335655,94160.73312500,0.18931441,0.30649801
xgboost,walkforward,canal,App,0.26278316,-0.04350435,0.25880413,339028.63866667,0.18419490,0.34915919
xgboost,walkforward,total,App,0.26278316,-0.04350435,0.25880413,339028.63866667,0.18419490,0.34915919
xgboost,walkforward,canal,evento/janela de evento,0.29700277,-0.25454787,0.30758835,263416.51383523,0.12306887,0.44603816
xgboost,walkforward,total,evento/janela de evento,0.27163174,-0.25454787,0.28171068,481829.08744318,0.05628376,0.44603816
xgboost,walkforward,canal,dia normal,0.25129841,0.00639613,0.24136803,208547.18421875,0.19038952,0.32141211
xgboost,walkforward,total,dia normal,0.22609170,0.00639613,0.22323244,375257.35378906,0.16263766,0.30084992
lightgbm,walkforward,canal,todos,0.24552870,-0.03174432,0.23827753,205812.98818055,0.18613289,0.30387354
lightgbm,walkforward,total,todos,0.22313209,-0.03174432,0.22014169,374078.32364030,0.15764447,0.28589703
lightgbm,walkforward,canal,Site,0.23384710,0.00030342,0.23179103,90345.01571090,0.17709510,0.29862173
lightgbm,walkforward,total,Site,0.23384710,0.00030342,0.23179103,90345.01571090,0.17709510,0.29862173
lightgbm,walkforward,canal,App,0.24902683,-0.04134122,0.24476403,321280.96065021,0.17602149,0.31652624
lightgbm,walkforward,total,App,0.24902683,-0.04134122,0.24476403,321280.96065021,0.17602149,0.31652624
lightgbm,walkforward,canal,evento/janela de evento,0.28163518,-0.26148979,0.28009392,249786.75336763,0.11663571,0.45536931
lightgbm,walkforward,total,evento/janela de evento,0.26975584,-0.26148979,0.26782833,478501.55528941,0.08753263,0.45536931
lightgbm,walkforward,canal,dia normal,0.23889637,0.01045715,0.23109034,198254.99728902,0.18463456,0.29237313
lightgbm,walkforward,total,dia normal,0.21456787,0.01045715,0.21194554,356130.58070061,0.15590929,0.27172375
naive_sazonal,holdout,canal,todos,0.36725027,-0.02262207,0.34123150,290619.32333333,0.17988013,0.53081575
naive_sazonal,holdout,total,todos,0.35088486,-0.02262207,0.32145666,555337.49200000,0.14698860,0.52887690
naive_sazonal,holdout,canal,Site,0.42158285,0.03028893,0.35131786,140000.80900000,0.18144246,0.76245495
naive_sazonal,holdout,total,Site,0.42158285,0.03028893,0.35131786,140000.80900000,0.18144246,0.76245495
naive_sazonal,holdout,canal,App,0.35282275,-0.03667211,0.33114515,441237.83766667,0.18024710,0.50666603
naive_sazonal,holdout,total,App,0.35282275,-0.03667211,0.33114515,441237.83766667,0.18024710,0.50666603
naive_sazonal,holdout,canal,evento/janela de evento,0.36031716,-0.34391796,0.40816987,398472.88000000,0.22254292,0.41997302
naive_sazonal,holdout,total,evento/janela de evento,0.34391796,-0.34391796,0.40034155,760674.16500000,0.16827001,0.41997302
naive_sazonal,holdout,canal,dia normal,0.37136887,0.16824313,0.31689028,251399.84818182,0.16628929,0.63607520
naive_sazonal,holdout,total,dia normal,0.35502354,0.16824313,0.29277124,480669.61090909,0.14338219,0.63229514
media_movel_7,holdout,canal,todos,0.32114713,-0.02440931,0.33926041,254136.12621429,0.15543904,0.47299930
media_movel_7,holdout,total,todos,0.31198466,-0.02440931,0.29808490,493771.03214286,0.13578065,0.47299930
media_movel_7,holdout,canal,Site,0.44095177,0.03105615,0.39830867,146432.91319048,0.17244614,0.76688267
media_movel_7,holdout,total,Site,0.44095177,0.03105615,0.39830867,146432.91319048,0.17244614,0.76688267
media_movel_7,holdout,canal,App,0.28933409,-0.03913766,0.28021216,361839.33923810,0.14653407,0.41360793
media_movel_7,holdout,total,App,0.28933409,-0.03913766,0.28021216,361839.33923810,0.14653407,0.41360793
media_movel_7,holdout,canal,evento/janela de evento,0.34330535,-0.32636083,0.41170756,379659.60607143,0.27900902,0.37114548
media_movel_7,holdout,total,evento/janela de evento,0.32636083,-0.32636083,0.37156027,721841.50357143,0.22293141,0.37114548
media_movel_7,holdout,canal,dia normal,0.30798407,0.15496442,0.31291599,208491.22444805,0.11406853,0.55569179
media_movel_7,holdout,total,dia normal,0.30344453,0.15496442,0.27136659,410836.31525974,0.10531438,0.55569179
ets_log,holdout,canal,todos,0.23910265,-0.10384189,0.24596124,189211.16131859,0.16069089,0.30629510
ets_log,holdout,total,todos,0.21798640,-0.10384189,0.23005483,345002.12085748,0.14688041,0.28070643
ets_log,holdout,canal,Site,0.26566419,-0.10252571,0.24180465,88222.75968497,0.15119415,0.37609003
ets_log,holdout,total,Site,0.26566419,-0.10252571,0.24180465,88222.75968497,0.15119415,0.37609003
ets_log,holdout,canal,App,0.23204947,-0.10419140,0.25011782,290199.56295221,0.15227392,0.30272189
ets_log,holdout,total,App,0.23204947,-0.10419140,0.25011782,290199.56295221,0.15227392,0.30272189
ets_log,holdout,canal,evento/janela de evento,0.20672111,-0.15824678,0.27777140,228611.80733221,0.18672250,0.25290760
ets_log,holdout,total,evento/janela de evento,0.16586267,-0.15824678,0.18256988,366853.32831946,0.14795253,0.20722584
ets_log,holdout,canal,dia normal,0.25833884,-0.07152278,0.23439390,174883.65367727,0.14770249,0.52843866
ets_log,holdout,total,dia normal,0.24895041,-0.07152278,0.24732208,337056.22723494,0.13917290,0.51668238
sarima_log,holdout,canal,todos,0.25690839,-0.04583102,0.26305638,203301.53015578,0.14823120,0.35998706
sarima_log,holdout,total,todos,0.24041765,-0.04583102,0.23790737,380503.54718598,0.12865178,0.35237756
sarima_log,holdout,canal,Site,0.30252556,0.01053332,0.28080276,100463.82006362,0.18157194,0.40006449
sarima_log,holdout,total,Site,0.30252556,0.01053332,0.28080276,100463.82006362,0.18157194,0.40006449
sarima_log,holdout,canal,App,0.24479516,-0.06079806,0.24531000,306139.24024794,0.13984540,0.34973883
sarima_log,holdout,total,App,0.24479516,-0.06079806,0.24531000,306139.24024794,0.13984540,0.34973883
sarima_log,holdout,canal,evento/janela de evento,0.25611486,-0.21456842,0.31037588,283236.09635642,0.18550792,0.28668747
sarima_log,holdout,total,evento/janela de evento,0.23827634,-0.21456842,0.25431573,527017.13272227,0.12647161,0.28668747
sarima_log,holdout,canal,dia normal,0.25737978,0.05440710,0.24584929,174234.41517373,0.13635617,0.50942017
sarima_log,holdout,total,dia normal,0.24168969,0.05440710,0.23194070,327225.87971824,0.12934630,0.50688186
sarimax_log,holdout,canal,todos,0.22023620,-0.00324851,0.23887361,174281.41637642,0.15479376,0.28252676
sarimax_log,holdout,total,todos,0.20523678,-0.00324851,0.20755833,324823.58012021,0.14022652,0.27379543
sarimax_log,holdout,canal,Site,0.27937643,0.05457256,0.26847094,92776.37087029,0.17508239,0.35669370
sarimax_log,holdout,total,Site,0.27937643,0.05457256,0.26847094,92776.37087029,0.17508239,0.35669370
sarimax_log,holdout,canal,App,0.20453206,-0.01860236,0.20927628,255786.46188254,0.14136613,0.26668093
sarimax_log,holdout,total,App,0.20453206,-0.01860236,0.20927628,255786.46188254,0.14136613,0.26668093
sarimax_log,holdout,canal,evento/janela de evento,0.18709406,-0.13161864,0.22717325,206906.34619663,0.18497946,0.19197769
sarimax_log,holdout,total,evento/janela de evento,0.17599589,-0.13161864,0.18912074,389265.88523092,0.15524849,0.18497946
sarimax_log,holdout,canal,dia normal,0.23992423,0.07300953,0.24312828,162417.80553270,0.14617451,0.45190560
sarimax_log,holdout,total,dia normal,0.22260727,0.07300953,0.21426291,301390.01462541,0.13612288,0.44561068
ridge,holdout,canal,todos,0.25582051,-0.02533574,0.28241035,202440.65448604,0.19691606,0.31453647
ridge,holdout,total,todos,0.22833661,-0.02533574,0.22346606,361383.15642337,0.15658709,0.30484841
ridge,holdout,canal,Site,0.35112445,0.19965923,0.33712023,116602.72251664,0.26208059,0.51698683
ridge,holdout,total,Site,0.35112445,0.19965923,0.33712023,116602.72251664,0.26208059,0.51698683
ridge,holdout,canal,App,0.23051342,-0.08508112,0.22770048,288278.58645545,0.14334274,0.31903894
ridge,holdout,total,App,0.23051342,-0.08508112,0.22770048,288278.58645545,0.14334274,0.31903894
ridge,holdout,canal,evento/janela de evento,0.28473142,-0.21361976,0.30005014,314883.00013726,0.27107501,0.29064461
ridge,holdout,total,evento/janela de evento,0.24991531,-0.21361976,0.26869122,552760.08710069,0.15801503,0.28970787
ridge,holdout,canal,dia normal,0.23864604,0.08651401,0.27599588,161552.52879469,0.18113380,0.35717003
ridge,holdout,total,dia normal,0.21551782,0.08651401,0.20702055,291791.54526799,0.15618855,0.33829334
xgboost,holdout,canal,todos,0.22361399,-0.00649764,0.23953089,176954.38570833,0.17230507,0.27502169
xgboost,holdout,total,todos,0.18637867,-0.00649764,0.18627446,294977.28550000,0.13425149,0.24196573
xgboost,holdout,canal,Site,0.29491860,0.06972438,0.27591908,97937.67208333,0.20035033,0.37058376
xgboost,holdout,total,Site,0.29491860,0.06972438,0.27591908,97937.67208333,0.20035033,0.37058376
xgboost,holdout,canal,App,0.20467969,-0.02673770,0.20314269,255971.09933333,0.15325620,0.25742163
xgboost,holdout,total,App,0.20467969,-0.02673770,0.20314269,255971.09933333,0.15325620,0.25742163
xgboost,holdout,canal,evento/janela de evento,0.23834196,-0.16398831,0.28684946,263581.13398437,0.23344651,0.24046167
xgboost,holdout,total,evento/janela de evento,0.17264537,-0.16398831,0.17785876,381855.23296875,0.11289347,0.19851777
xgboost,holdout,canal,dia normal,0.21486486,0.08705940,0.22232413,145453.74997159,0.15920674,0.35137270
xgboost,holdout,total,dia normal,0.19453691,0.08705940,0.18933471,263385.30460227,0.14021258,0.33023896
lightgbm,holdout,canal,todos,0.22657615,-0.00523539,0.24645252,179298.46108688,0.17284881,0.27186175
lightgbm,holdout,total,todos,0.20099054,-0.00523539,0.20110031,318103.16100207,0.15433098,0.25074707
lightgbm,holdout,canal,Site,0.30965496,0.07817600,0.28846033,102831.37928609,0.21856984,0.41173924
lightgbm,holdout,total,Site,0.30965496,0.07817600,0.28846033,102831.37928609,0.21856984,0.41173924
lightgbm,holdout,canal,App,0.20451533,-0.02738452,0.20444470,255765.54288768,0.15067271,0.25704664
lightgbm,holdout,total,App,0.20451533,-0.02738452,0.20444470,255765.54288768,0.15067271,0.25704664
lightgbm,holdout,canal,evento/janela de evento,0.25322142,-0.15528609,0.29866229,280036.25044558,0.23320221,0.29945546
lightgbm,holdout,total,evento/janela de evento,0.20935671,-0.15528609,0.22647792,463053.00292495,0.20915244,0.20982849
lightgbm,holdout,canal,dia normal,0.21074758,0.08390195,0.22746715,142666.53768372,0.15169281,0.34463210
lightgbm,holdout,total,dia normal,0.19602064,0.08390195,0.19187209,265394.12757557,0.13884144,0.33350756
