feature,coeficiente_padronizado,valor_absoluto
share_canal_lag7,0.22890147573158737,0.22890147573158737
canal_App,0.14903479553471058,0.14903479553471058
canal_Site,-0.14903479553471052,0.14903479553471052
is_novembro,0.12793493233787992,0.12793493233787992
dias_ate_evento_promo,-0.10956387674527966,0.10956387674527966
media_7_lag7,0.0900004242906003,0.0900004242906003
lag_14,0.08412297920838616,0.08412297920838616
is_feriado,-0.07927347258962492,0.07927347258962492
is_fim_semana,-0.07441919050096633,0.07441919050096633
lag_7,0.05628974397693012,0.05628974397693012
dia_semana_6,-0.04956698539425085,0.04956698539425085
fourier_mes_sin1,0.047161752727668205,0.047161752727668205
is_vespera_feriado,-0.03935579289372901,0.03935579289372901
fourier_mes_sin2,0.038471331462070886,0.038471331462070886
dias_ate_evento_presente,-0.030664413441208443,0.030664413441208443
is_evento,0.026249639998801325,0.026249639998801325
missingindicator_lag_14,0.025999655266457655,0.025999655266457655
fourier_mes_cos1,-0.024364456665456544,0.024364456665456544
dia_mes,0.019476768175655794,0.019476768175655794
dia_semana_4,0.01775700445190617,0.01775700445190617
std_7_lag7,-0.017554643868535044,0.017554643868535044
dia_semana_5,0.01571450034202821,0.01571450034202821
ticket_lag_7,-0.014693830100467016,0.014693830100467016
dias_desde_evento_promo,-0.01452344024153341,0.01452344024153341
is_payday_5,0.01394815472343092,0.01394815472343092
missingindicator_lag_7,0.013424711932121094,0.013424711932121094
missingindicator_ticket_lag_7,0.013424711932117903,0.013424711932117903
missingindicator_share_canal_lag7,0.01342471193211753,0.01342471193211753
fourier_mes_cos2,-0.0112224656497158,0.0112224656497158
is_payday_20,0.010954045208204777,0.010954045208204777
taxa_desconto_media_7_lag7,-0.009891903516960156,0.009891903516960156
dia_semana_2,0.00961796089397057,0.00961796089397057
dia_semana_1,0.006904137254464812,0.006904137254464812
dia_semana_0,-0.004677181548670581,0.004677181548670581
dia_semana_3,0.004250564000550965,0.004250564000550965
missingindicator_taxa_desconto_media_7_lag7,-0.0009304214521971827,0.0009304214521971827
missingindicator_std_7_lag7,-0.0009304214521970543,0.0009304214521970543
missingindicator_media_7_lag7,-0.0009304214521970504,0.0009304214521970504
