feature,shap_abs_medio
media_7_lag7,174742.5543956623
canal,110625.36542317603
lag_7,109796.85411988213
share_canal_lag7,62156.64578733587
dias_ate_evento_presente,44360.04329352303
is_fim_semana,40096.40565620467
dias_ate_evento_promo,38951.79093421948
fourier_mes_sin1,34082.76385574734
taxa_desconto_media_7_lag7,33836.21694868579
fourier_mes_sin2,26985.34983205785
lag_14,25529.626665023894
dia_semana,22531.97865100847
std_7_lag7,19734.38249821982
is_feriado,17967.5385881855
is_novembro,13987.174374176444
dia_mes,11375.747218654085
fourier_mes_cos1,10432.83020268243
ticket_lag_7,9930.12163391877
fourier_mes_cos2,9410.820969039281
is_vespera_feriado,8381.893120808581
dias_desde_evento_promo,3122.2684221008813
is_payday_20,2522.0289515113063
is_evento,541.7550435550592
is_payday_5,419.1562754678662
