recorte,modelo,n_blocos,n_dias,wape_diario,vies,erro_semanal_semanas_cheias,erro_semanal_blocos_parciais
junho,ets_log,5,30,0.21798640,-0.10384189,0.08468300,0.10967599
junho,lightgbm,5,30,0.20099054,-0.00523539,0.10099023,0.11768252
junho,media_movel_7,5,30,0.31198466,-0.02440931,0.21630833,0.23388894
junho,naive_sazonal,5,30,0.35088486,-0.02262207,0.21630833,0.23210171
junho,ridge,5,30,0.22833661,-0.02533574,0.12910604,0.14926401
junho,sarima_log,5,30,0.24041765,-0.04583102,0.06103916,0.08647562
junho,sarimax_log,5,30,0.20523678,-0.00324851,0.05843072,0.08169931
junho,xgboost,5,30,0.18637867,-0.00649764,0.09687455,0.11315451
walkforward_avaliacao,ets_log,11,75,0.22481940,-0.14361486,0.19118579,0.18994635
walkforward_avaliacao,lightgbm,11,75,0.22313209,-0.03174432,0.15353052,0.16094635
walkforward_avaliacao,media_movel_7,11,75,0.22814775,-0.03206258,0.16228084,0.18152344
walkforward_avaliacao,naive_sazonal,11,75,0.30898838,-0.01921485,0.16228084,0.19437117
walkforward_avaliacao,ridge,11,75,0.25349396,-0.12660852,0.20272018,0.20239135
walkforward_avaliacao,sarima_log,11,75,0.21270398,-0.10400876,0.15701472,0.15437925
walkforward_avaliacao,sarimax_log,11,75,0.24455096,-0.09019256,0.21097968,0.20312626
walkforward_avaliacao,xgboost,11,75,0.23315873,-0.03409787,0.14032915,0.15952325
dezesseis_semanas,ets_log,16,105,0.22294642,-0.13271273,0.16280807,0.16794352
dezesseis_semanas,lightgbm,16,105,0.21706289,-0.02447798,0.13953113,0.14908735
dezesseis_semanas,media_movel_7,16,105,0.25112820,-0.02996475,0.17667649,0.19587730
dezesseis_semanas,naive_sazonal,16,105,0.32047259,-0.02014880,0.17667649,0.20471345
dezesseis_semanas,ridge,16,105,0.24659810,-0.09884874,0.18310565,0.18782867
dezesseis_semanas,sarima_log,16,105,0.22030055,-0.08806172,0.13144198,0.13576625
dezesseis_semanas,sarimax_log,16,105,0.23377459,-0.06636042,0.17033293,0.16984205
dezesseis_semanas,xgboost,16,105,0.22033590,-0.02653240,0.12875065,0.14681317
