modelo,conjunto,seed,wape
lightgbm,walkforward,42,0.23065404
lightgbm,walkforward,43,0.22023894
lightgbm,walkforward,44,0.22728233
lightgbm,walkforward,45,0.21742742
lightgbm,walkforward,46,0.22186600
xgboost,walkforward,42,0.23222793
xgboost,walkforward,43,0.23619816
xgboost,walkforward,44,0.22701081
xgboost,walkforward,45,0.25060836
xgboost,walkforward,46,0.23995872
lightgbm,holdout,42,0.19137017
lightgbm,holdout,43,0.20783539
lightgbm,holdout,44,0.19969624
lightgbm,holdout,45,0.20436945
lightgbm,holdout,46,0.20510791
xgboost,holdout,42,0.17748124
xgboost,holdout,43,0.19575168
xgboost,holdout,44,0.18831276
xgboost,holdout,45,0.19906057
xgboost,holdout,46,0.18896782
