min_treino_dias,origem,n_dias_treino,modelo,wape_diario,vies,erro_semanal,n_dias_previstos,contem_black_friday,contem_natal
42,2025-12-16,46,ets_log,0.11905666,0.11905666,0.11905666,7,False,False
42,2025-12-16,46,lightgbm,0.20571215,0.20571215,0.20571215,7,False,False
42,2025-12-16,46,media_movel_7,0.13316129,0.12119542,0.12119542,7,False,False
42,2025-12-16,46,naive_sazonal,0.12119542,0.12119542,0.12119542,7,False,False
42,2025-12-16,46,ridge,0.11260047,-0.09945557,0.09945557,7,False,False
42,2025-12-16,46,sarima_log,0.32744493,0.32744493,0.32744493,7,False,False
42,2025-12-16,46,sarimax_log,0.07268328,0.06642763,0.06642763,7,False,False
42,2025-12-16,46,xgboost,0.18187522,0.18187522,0.18187522,7,False,False
42,2025-12-23,53,ets_log,0.30838980,0.19826008,0.19826008,7,False,True
42,2025-12-23,53,lightgbm,0.47054064,0.47054064,0.47054064,7,False,True
42,2025-12-23,53,media_movel_7,0.23784674,0.15908388,0.15908388,7,False,True
42,2025-12-23,53,naive_sazonal,0.29417235,0.15908388,0.15908388,7,False,True
42,2025-12-23,53,ridge,0.26132168,0.23032176,0.23032176,7,False,True
42,2025-12-23,53,sarima_log,0.36279791,0.34698189,0.34698189,7,False,True
42,2025-12-23,53,sarimax_log,0.24339128,0.14441104,0.14441104,7,False,True
42,2025-12-23,53,xgboost,0.46772890,0.42448521,0.42448521,7,False,True
42,TOTAL,,ets_log,0.20674808,0.15574047,0.15574047,14,False,True
42,TOTAL,,lightgbm,0.32836995,0.32836995,0.32836995,14,False,True
42,TOTAL,,media_movel_7,0.18164734,0.13874382,0.13874382,14,False,True
42,TOTAL,,naive_sazonal,0.20131131,0.13874382,0.13874382,14,False,True
42,TOTAL,,ridge,0.18148210,0.05328390,0.16006748,14,False,True
42,TOTAL,,sarima_log,0.34381900,0.33649366,0.33649366,14,False,True
42,TOTAL,,sarimax_log,0.15174829,0.10254638,0.10254638,14,False,True
42,TOTAL,,xgboost,0.31427104,0.29424232,0.29424232,14,False,True
28,2025-12-02,32,ets_log,0.13199976,-0.13199976,0.13199976,7,False,False
28,2025-12-02,32,lightgbm,0.57991152,0.57991152,0.57991152,7,False,False
28,2025-12-02,32,media_movel_7,1.99965232,1.99965232,1.99965232,7,False,False
28,2025-12-02,32,naive_sazonal,2.08756126,1.99965232,1.99965232,7,False,False
28,2025-12-02,32,ridge,0.77129105,0.77129105,0.77129105,7,False,False
28,2025-12-02,32,sarima_log,1.07745810,1.07745810,1.07745810,7,False,False
28,2025-12-02,32,sarimax_log,0.19561602,0.09690782,0.09690782,7,False,False
28,2025-12-02,32,xgboost,0.64012420,0.64012420,0.64012420,7,False,False
28,2025-12-09,39,ets_log,0.10397589,-0.04864030,0.04864030,7,False,False
28,2025-12-09,39,lightgbm,0.08687808,0.05258683,0.05258683,7,False,False
28,2025-12-09,39,media_movel_7,0.18057588,-0.17506042,0.17506042,7,False,False
28,2025-12-09,39,naive_sazonal,0.17506042,-0.17506042,0.17506042,7,False,False
28,2025-12-09,39,ridge,0.26828905,-0.26580770,0.26580770,7,False,False
28,2025-12-09,39,sarima_log,0.28634841,0.28634841,0.28634841,7,False,False
28,2025-12-09,39,sarimax_log,0.15098668,-0.08603634,0.08603634,7,False,False
28,2025-12-09,39,xgboost,0.09902503,0.03999453,0.03999453,7,False,False
28,2025-12-16,46,ets_log,0.11905666,0.11905666,0.11905666,7,False,False
28,2025-12-16,46,lightgbm,0.20571215,0.20571215,0.20571215,7,False,False
28,2025-12-16,46,media_movel_7,0.13316129,0.12119542,0.12119542,7,False,False
28,2025-12-16,46,naive_sazonal,0.12119542,0.12119542,0.12119542,7,False,False
28,2025-12-16,46,ridge,0.11260047,-0.09945557,0.09945557,7,False,False
28,2025-12-16,46,sarima_log,0.32744493,0.32744493,0.32744493,7,False,False
28,2025-12-16,46,sarimax_log,0.07268328,0.06642763,0.06642763,7,False,False
28,2025-12-16,46,xgboost,0.18187522,0.18187522,0.18187522,7,False,False
28,2025-12-23,53,ets_log,0.30838980,0.19826008,0.19826008,7,False,True
28,2025-12-23,53,lightgbm,0.47054064,0.47054064,0.47054064,7,False,True
28,2025-12-23,53,media_movel_7,0.23784674,0.15908388,0.15908388,7,False,True
28,2025-12-23,53,naive_sazonal,0.29417235,0.15908388,0.15908388,7,False,True
28,2025-12-23,53,ridge,0.26132168,0.23032176,0.23032176,7,False,True
28,2025-12-23,53,sarima_log,0.36279791,0.34698189,0.34698189,7,False,True
28,2025-12-23,53,sarimax_log,0.24339128,0.14441104,0.14441104,7,False,True
28,2025-12-23,53,xgboost,0.46772890,0.42448521,0.42448521,7,False,True
28,TOTAL,,ets_log,0.15958251,0.02903179,0.11940295,28,False,True
28,TOTAL,,lightgbm,0.31862182,0.30878592,0.30878592,28,False,True
28,TOTAL,,media_movel_7,0.61151775,0.48906368,0.58949026,28,False,True
28,TOTAL,,naive_sazonal,0.64010758,0.48906368,0.58949026,28,False,True
28,TOTAL,,ridge,0.34594234,0.13165297,0.33502557,28,False,True
28,TOTAL,,sarima_log,0.50092873,0.49743787,0.49743787,28,False,True
28,TOTAL,,sarimax_log,0.16190985,0.04712023,0.09647654,28,False,True
28,TOTAL,,xgboost,0.32963478,0.30315823,0.30315823,28,False,True
